name,latitude,longitude,beachFacingDirection,basePopularity,skillLevel,optimalTideState,tideSensitivity,optimalSwellDirection,optimalWindDirection,windSensitivity,accessibilityScore,timezone,predictionMode
San Lorenzo (Gijon),43.5421,-5.6515,20.0,5.0,ALL_LEVELS,ANY,0.2,20.0,200.0,0.4,9,Europe/Madrid,HEURISTIC
Mundaka,43.4067,-2.6993,0.0,8.0,EXPERT,LOW,0.75,0.0,180.0,0.75,6,Europe/Madrid,HEURISTIC
Hossegor (La Graviere),43.6698,-1.4402,270.0,9.0,EXPERT,LOW,0.85,270.0,90.0,0.85,9,Europe/Paris,HEURISTIC
Pipeline,21.6640,-158.0538,315.0,10.0,EXPERT,LOW,0.85,315.0,135.0,0.85,9,Pacific/Honolulu,HEURISTIC
Superbank,-28.1625,153.5500,20.0,9.0,INTERMEDIATE,MID_RISING,0.6,35.0,200.0,0.6,9,Australia/Brisbane,HEURISTIC
Uluwatu,-8.8149,115.0884,270.0,9.0,EXPERT,LOW,0.85,270.0,90.0,0.85,6,Asia/Makassar,HEURISTIC
Teahupoo,-17.8471,-149.2667,200.0,10.0,EXPERT,LOW,0.85,200.0,20.0,0.85,6,Pacific/Tahiti,HEURISTIC
Jeffreys Bay,-34.0337,24.9284,120.0,9.0,INTERMEDIATE,MID_RISING,0.6,135.0,300.0,0.6,9,Africa/Johannesburg,HEURISTIC
Trestles (Lowers),33.3853,-117.5939,225.0,9.0,ALL_LEVELS,ANY,0.2,225.0,45.0,0.4,6,America/Los_Angeles,HEURISTIC
Zarautz,43.2867,-2.1698,340.0,7.0,ALL_LEVELS,ANY,0.2,340.0,160.0,0.4,9,Europe/Madrid,HEURISTIC
Zurriola (Auto),43.3253,-1.9765,330.0,7.0,ALL_LEVELS,ANY,0.2,330.0,150.0,0.4,9,Europe/Madrid,HEURISTIC
Biarritz (Grande Plage),43.4832,-1.5586,280.0,8.0,ALL_LEVELS,ANY,0.2,280.0,100.0,0.4,9,Europe/Paris,HEURISTIC
Sopelana,43.3891,-2.9936,320.0,6.0,ALL_LEVELS,ANY,0.2,320.0,140.0,0.4,9,Europe/Madrid,HEURISTIC
Rodiles,43.5353,-5.3851,0.0,7.0,ALL_LEVELS,RISING,0.8,0.0,180.0,0.7,6,Europe/Madrid,HEURISTIC
Pantín,43.6391,-8.1136,300.0,7.0,ALL_LEVELS,ANY,0.2,300.0,120.0,0.4,9,Europe/Madrid,HEURISTIC
Suances (Los Locos),43.4389,-4.0456,330.0,5.0,ALL_LEVELS,ANY,0.2,330.0,150.0,0.4,9,Europe/Madrid,HEURISTIC
Ribamontan al Mar (Somo),43.4619,-3.7339,0.0,6.0,ALL_LEVELS,ANY,0.2,0.0,180.0,0.4,9,Europe/Madrid,HEURISTIC
Ericeira (Ribeira d'Ilhas),38.9875,-9.4194,270.0,8.0,INTERMEDIATE,MID_RISING,0.6,285.0,90.0,0.6,9,Europe/Lisbon,HEURISTIC
Peniche (Supertubos),39.3444,-9.3625,240.0,9.0,EXPERT,LOW,0.85,240.0,60.0,0.85,9,Europe/Lisbon,HEURISTIC
Nazare (North Canyon),39.6087,-9.0838,280.0,9.0,EXPERT,LOW,0.85,280.0,100.0,0.85,9,Europe/Lisbon,HEURISTIC
Sagres (Tonel),37.0058,-8.9472,270.0,6.0,ALL_LEVELS,ANY,0.2,270.0,90.0,0.4,9,Europe/Lisbon,HEURISTIC
Carcavelos,38.6793,-9.3353,180.0,7.0,ALL_LEVELS,ANY,0.2,180.0,0.0,0.4,9,Europe/Lisbon,HEURISTIC
Arrifana,37.2917,-8.8631,280.0,6.0,ALL_LEVELS,ANY,0.2,280.0,100.0,0.4,6,Europe/Lisbon,HEURISTIC
Newquay (Fistral),50.4165,-5.0997,280.0,8.0,ALL_LEVELS,ANY,0.2,280.0,100.0,0.4,9,Europe/London,HEURISTIC
Thurso East,58.5956,-3.5074,0.0,7.0,INTERMEDIATE,LOW,0.85,0.0,180.0,0.85,6,Europe/London,HEURISTIC
Bundoran (The Peak),54.4834,-8.2816,290.0,7.0,INTERMEDIATE,LOW,0.85,290.0,110.0,0.85,9,Europe/Dublin,HEURISTIC
Lahinch,52.9351,-9.3512,270.0,7.0,ALL_LEVELS,ANY,0.2,270.0,90.0,0.4,9,Europe/Dublin,HEURISTIC
Santa Cruz (Steamer Lane),36.9538,-122.0232,160.0,8.0,INTERMEDIATE,MID_RISING,0.6,175.0,340.0,0.6,9,America/Los_Angeles,HEURISTIC
Mavericks,37.4956,-122.5003,270.0,9.0,EXPERT,LOW,0.85,270.0,90.0,0.85,3,America/Los_Angeles,HEURISTIC
Huntington Beach,33.6595,-117.9988,220.0,9.0,ALL_LEVELS,ANY,0.2,220.0,40.0,0.4,9,America/Los_Angeles,HEURISTIC
Malibu (Surfrider),34.0371,-118.6775,150.0,9.0,ALL_LEVELS,MID_RISING,0.6,165.0,330.0,0.6,9,America/Los_Angeles,HEURISTIC
Blacks Beach,32.8906,-117.2526,270.0,8.0,INTERMEDIATE,ANY,0.2,270.0,90.0,0.4,3,America/Los_Angeles,HEURISTIC
Puerto Escondido (Zicatela),15.8541,-97.0569,220.0,9.0,EXPERT,LOW,0.85,220.0,40.0,0.85,9,America/Mexico_City,HEURISTIC
Pavones,8.3858,-83.1367,240.0,7.0,INTERMEDIATE,MID_RISING,0.6,255.0,60.0,0.6,6,America/Costa_Rica,HEURISTIC
Tamarindo,10.3011,-85.8436,280.0,7.0,ALL_LEVELS,ANY,0.2,280.0,100.0,0.4,9,America/Costa_Rica,HEURISTIC
Santa Teresa,9.6385,-85.1661,240.0,8.0,ALL_LEVELS,ANY,0.2,240.0,60.0,0.4,9,America/Costa_Rica,HEURISTIC
Chicama,-7.7001,-79.4385,250.0,8.0,INTERMEDIATE,MID_RISING,0.6,265.0,70.0,0.6,6,America/Lima,HEURISTIC
Pichilemu (Punta de Lobos),-34.4239,-72.0461,290.0,8.0,INTERMEDIATE,MID_RISING,0.6,305.0,110.0,0.6,6,America/Santiago,HEURISTIC
Florianopolis (Joaquina),-27.6322,-48.4489,110.0,7.0,ALL_LEVELS,ANY,0.2,110.0,290.0,0.4,9,America/Sao_Paulo,HEURISTIC
Saquarema (Itauna),-22.9365,-42.4842,160.0,7.0,ALL_LEVELS,ANY,0.2,160.0,340.0,0.4,9,America/Sao_Paulo,HEURISTIC
Raglan (Manu Bay),-37.8211,174.8028,290.0,8.0,INTERMEDIATE,MID_RISING,0.6,305.0,110.0,0.6,9,Pacific/Auckland,HEURISTIC
Piha,-36.9555,174.4697,260.0,7.0,ALL_LEVELS,ANY,0.2,260.0,80.0,0.4,6,Pacific/Auckland,HEURISTIC
Cloudbreak,-17.8550,177.2008,200.0,9.0,EXPERT,LOW,0.85,200.0,20.0,0.85,3,Pacific/Fiji,HEURISTIC
Restaurants,-17.8583,177.2000,220.0,8.0,INTERMEDIATE,LOW,0.85,220.0,40.0,0.85,3,Pacific/Fiji,HEURISTIC
Skeleton Bay,-25.9189,14.9081,30.0,8.0,EXPERT,LOW,0.85,30.0,210.0,0.85,3,Africa/Windhoek,HEURISTIC
Taghazout (Anchor Point),30.5451,-9.7188,290.0,8.0,INTERMEDIATE,MID_RISING,0.6,305.0,110.0,0.6,9,Africa/Casablanca,HEURISTIC
Imsouane (The Bay),30.8356,-9.8214,240.0,7.0,ALL_LEVELS,MID_RISING,0.6,255.0,60.0,0.6,9,Africa/Casablanca,HEURISTIC
Safi,-32.3090,-9.2559,280.0,7.0,INTERMEDIATE,MID_RISING,0.6,295.0,100.0,0.6,6,Africa/Casablanca,HEURISTIC
Arugam Bay,6.8407,81.8344,70.0,8.0,INTERMEDIATE,MID_RISING,0.6,85.0,250.0,0.6,9,Asia/Colombo,HEURISTIC
Hikkaduwa,6.1388,80.0988,250.0,6.0,ALL_LEVELS,ANY,0.2,250.0,70.0,0.4,9,Asia/Colombo,HEURISTIC
